{
  "quotes": {
    "quotes": {
      "USDAED": 3.67325,
      "USDAFN": 76.751001,
      "USDALL": 111.367862,
      "USDAMD": 486.849895,
      "USDANG": 1.82535,
      "USDAOA": 315.606,
      "USDARS": 42.575499,
      "USDAUD": 1.40425,
      "USDAWG": 1.7995,
      "USDAZN": 1.705016,
      "USDBAM": 1.73085,
      "USDBBD": 1.99105,
      "USDBDT": 83.993974,
      "USDBGN": 1.7303,
      "USDBHD": 0.376995,
      "USDBIF": 1831.5,
      "USDBMD": 1,
      "USDBND": 1.350495,
      "USDBOB": 6.90005,
      "USDBRL": 3.84265,
      "USDBSD": 0.99895,
      "USDBTC": 0.000199,
      "USDBTN": 69.364581,
      "USDBWP": 10.71199,
      "USDBYN": 2.13285,
      "USDBYR": 19600,
      "USDBZD": 2.01545,
      "USDCAD": 1.33367,
      "USDCDF": 1631.000242,
      "USDCHF": 0.995385,
      "USDCLF": 0.025048,
      "USDCLP": 671.395856,
      "USDCNY": 6.711502,
      "USDCOP": 3142,
      "USDCRC": 602.618945,
      "USDCUC": 1,
      "USDCUP": 26.5,
      "USDCVE": 97.8495,
      "USDCZK": 22.708036,
      "USDDJF": 177.719692,
      "USDDKK": 6.63911,
      "USDDOP": 50.580121,
      "USDDZD": 119.0199,
      "USDEGP": 17.402968,
      "USDERN": 14.999924,
      "USDETB": 28.601099,
      "USDEUR": 0.88953,
      "USDFJD": 2.150125,
      "USDFKP": 0.759985,
      "USDGBP": 0.760565,
      "USDGEL": 2.687501,
      "USDGGP": 0.756174,
      "USDGHS": 5.5621,
      "USDGIP": 0.759985,
      "USDGMD": 49.654988,
      "USDGNF": 9229.999816,
      "USDGTQ": 7.69398,
      "USDGYD": 208.701579,
      "USDHKD": 7.84948,
      "USDHNL": 24.550282,
      "USDHRK": 6.567299,
      "USDHTG": 82.730123,
      "USDHUF": 284.687953,,
      "USDIDR": 14186.5,
      "USDILS": 3.601701,
      "USDIMP": 0.756174,
      "USDINR": 68.527979,
      "USDIQD": 1190,
      "USDIRR": 42104.999961,
      "USDISK": 118.08979,
      "USDJEP": 0.756174,
      "USDJMD": 125.898001,
      "USDJOD": 0.709025,
      "USDJPY": 111.342001,
      "USDKES": 100.209697,
      "USDKGS": 69.825903,
      "USDKHR": 3989.999796,
      "USDKMF": 435.625007,
      "USDKPW": 900.082794,
      "USDKRW": 1134.750079,
      "USDKWD":  0.30441,
      "USDKYD": 0.83349,
      "USDKZT": 378.060082,
      "USDLAK": 8582.499517,
      "USDLBP": 1510.896076,
      "USDLKR": 178.840033,
      "USDLRD": 162.207367,
      "USDLSL": 14.480202,
      "USDLTL": 2.95274,
      "USDLVL": 0.60489,
      "USDLYD": 1.38502,
      "USDMAD": 9.6115,
      "USDMDL": 17.141982,
      "USDMGA": 3500.000274,
      "USDMKD": 54.434978,
      "USDMMK": 1531.286468,
      "USDMNT": 2632.350522,
      "USDMOP": 8.087024,
      "USDMRO": 357.000205,
      "USDMUR": 34.736048,
      "USDMVR": 15.501729,
      "USDMWK": 723.589666,
      "USDMXN": 19.19584,
      "USDMYR": 4.083014,
      "USDMZN": 62.789881,
      "USDNAD": 14.426725,
      "USDNGN": 359.500036,
      "USDNIO": 32.765018,
      "USDNOK": 8.57408,
      "USDNPR": 110.585003,
      "USDNZD": 1.465335,
      "USDOMR": 0.38503,
      "USDPAB": 0.99915,
      "USDPEN": 3.29395,
      "USDPGK": 3.37499,
      "USDPHP": 52.7305,
      "USDPKR": 139.860158,
      "USDPLN": 3.80699,
      "USDPYG": 6105.650245,
      "USDQAR": 3.64125,
      "USDRON": 4.214496,
      "USDRSD": 104.450145,
      "USDRUB": 65.524198,
      "USDRWF": 501,
      "USDSAR": 3.750698,
      "USDSBD": 8.15425,
      "USDSCR": 13.659502,
      "USDSDG": 47.627991,
      "USDSEK": 9.310499,
      "USDSGD": 1.35568,
      "USDSHP": 1.320902,
      "USDSLL": 8754.999545,
      "USDSOS": 584.501717,
      "USDSRD": 7.458019,
      "USDSTD": 21050.59961,
      "USDSVC": 8.751803,
      "USDSYP": 514.999792,
      "USDSZL": 14.479737,
      "USDTHB": 31.783031,
      "USDTJS": 9.436702,
      "USDTMT": 3.51,
      "USDTND": 3.020398,
      "USDTOP": 2.260695,
      "USDTRY": 5.46712,
      "USDTTD": 6.77155,
      "USDTWD": 30.930498,
      "USDTZS": 2344.899903,
      "USDUAH": 26.881004,
      "USDUGX": 3715.749972,
      "USDUSD": 1,
      "USDUYU": 33.110493,
      "USDUZS": 8389.999964,
      "USDVEF": 9.987499,
      "USDVND": 23199.5,
      "USDVUV": 114.135827,
      "USDWST": 2.598989,
      "USDXAF": 580.519846,
      "USDXAG": 0.065824,
      "USDXAU": 0.000771,
      "USDXCD": 2.70275,
      "USDXDR": 0.718801,
      "USDXOF": 586.00025,
      "USDXPF": 105.900615,
      "USDYER": 250.301466,
      "USDZAR": 14.536402,
      "USDZMK": 9001.201649,
      "USDZMW": 11.977992,
      "USDZWL": 322.355011
    }
  }
}
